As,Cr,Cu,Hg,Mo,Ni,Pb,Zn,Type
1.425515074,4.025351691,2.397895273,2.302585093,0.029558802,1.791759469,2.013568798,3.784189634,1
1.756132292,4.204692619,2.564949357,2.302585093,0.019802627,2.079441542,1.935859813,3.737669618,1
2.395164274,3.583518938,2.833213344,2.302585093,2.144761008,3.17805383,3.207612633,4.976733742,1
2.296567021,4.418840608,3.044522438,2.302585093,0.113328685,2.708050201,2.1690537,4.077537444,1
1.987874348,4.49980967,4.077537444,2.302585093,0.751416089,2.63905733,3.620065138,4.204692619,1
1.806648082,4.356708827,2.302585093,2.302585093,0.536493371,2.197224577,2.406945108,3.828641396,1
1.873339456,4.158883083,2.772588722,2.302585093,0.019802627,2.397895273,2.660259537,3.850147602,1
2.179286877,4.615120517,3.091042453,2.302585093,0.858661619,1.945910149,3.886500048,3.63758616,1
2.254444718,4.976733742,3.044522438,2.302585093,0.609765572,3.091042453,3.116178427,4.787491743,1
3.252310601,4.532599493,3.663561646,2.302585093,1.313723668,3.737669618,2.426571073,3.970291914,1
2.017566138,5.509388337,2.302585093,2.302585093,1.043804052,2.48490665,2.107786015,3.295836866,1
2.714694744,5.056245805,3.218875825,2.302585093,1.650579856,3.663561646,3.213260086,5.049856007,1
2.624668592,5.236441963,2.890371758,2.302585093,0.712949808,2.995732274,2.898670561,4.356708827,1
2.765689981,4.406719247,2.944438979,6.063785209,1.128171091,3.044522438,2.973997781,4.158883083,2
2.538447417,4.663439094,3.044522438,5.991464547,0.392042088,3.555348061,3.307619035,4.86753445,2
3.517497837,4.49980967,4.043051268,5.828945618,1.211940974,3.784189634,2.91993056,4.356708827,2
2.69934576,4.304065093,4.110873864,5.857933154,0.444685821,3.583518938,2.936512914,4.290459441,2
3.201526187,4.454347296,3.663561646,5.703782475,1.08180517,3.761200116,3.324316337,4.48863637,2
2.041220329,4.912654886,3.17805383,5.634789603,0.657520003,2.833213344,2.61958322,4.007333185,2
3.165475048,4.248495242,3.688879454,5.703782475,0.966983846,3.80666249,2.892591515,4.33073334,2
2.032087845,4.836281907,2.397895273,5.634789603,0.920282753,3.044522438,2.779440197,4.418840608,2
3.362456553,4.465908119,3.688879454,4.86753445,1.184789985,3.80666249,3.032546247,4.418840608,1
1.785070481,4.564348191,4.060443011,3.401197382,0.783901544,3.583518938,2.196112848,4.17438727,1
2.509599262,5.288267031,2.772588722,2.302585093,1.903598951,3.258096538,2.91939104,3.583518938,1
3.421979921,3.951243719,3.555348061,2.302585093,1.026041596,3.891820298,3.225652809,4.553876892,1
3.303584553,4.394449155,3.912023005,2.302585093,1.160020917,3.80666249,3.042138646,4.553876892,1
3.50013733,4.406719247,3.555348061,2.302585093,0.698134722,3.80666249,3.409496184,4.672828834,1
2.345644582,4.584967479,3.218875825,2.302585093,1.153731588,3.044522438,2.992226134,4.584967479,1
-0.634878272,5.627621114,2.995732274,2.302585093,1.057790294,2.995732274,1.935859813,3.401197382,1
3.117949906,4.48863637,3.33220451,2.302585093,1.121677562,3.784189634,3.158701102,4.442651256,1
0.947789399,5.247024072,2.197224577,2.302585093,0.779324877,2.397895273,2.163323026,3.295836866,1
1.255616037,5.036952602,1.791759469,2.302585093,1.578978705,2.833213344,2.458733775,3.688879454,1
3.758871826,5.010635294,3.784189634,5.298317367,1.986503546,3.891820298,4.450152464,6.118097198,1
2.265921109,4.682131227,3.295836866,3.688879454,0.819779831,2.833213344,2.57184858,3.737669618,1
1.677096561,4.477336814,3.17805383,2.995732274,0.425267735,2.890371758,2.795450391,3.850147602,2
2.129421474,4.060443011,2.708050201,2.995732274,0.862889955,2.708050201,2.31944221,3.912023005,1
0.536493371,4.290459441,1.791759469,3.401197382,-0.174353387,1.386294361,2.210469804,3.496507561,1
2.272125886,3.912023005,2.708050201,2.302585093,0.207014169,2.48490665,2.135349174,3.828641396,1
2.520917087,3.610917913,3.091042453,2.995732274,0.553885113,2.48490665,2.558002205,4.043051268,1
2.000127735,3.36729583,2.890371758,2.995732274,0.418710335,2.772588722,2.52332576,3.663561646,1
0.300104592,4.605170186,1.945910149,2.302585093,1.095273387,2.302585093,1.791759469,3.496507561,1
3.06712227,3.33220451,3.33220451,3.688879454,0.029558802,2.708050201,2.944965157,4.276666119,1
1.591273942,4.17438727,2.48490665,2.995732274,0.75612198,2.079441542,2.301584593,3.850147602,1
2.590017134,3.970291914,2.995732274,2.302585093,0.932164081,2.833213344,2.535282857,4.110873864,1
2.90416508,3.951243719,2.708050201,2.302585093,0.076961041,1.791759469,2.109000344,3.555348061,1
3.773450356,3.784189634,3.044522438,2.302585093,0.770108222,2.833213344,2.935982269,4.304065093,1
2.363680192,3.850147602,3.044522438,2.995732274,0.148420005,2.397895273,2.432735777,3.80666249,1
3.403195384,4.060443011,3.17805383,2.995732274,0.262364264,2.564949357,2.789937361,3.988984047,1
3.257327011,4.110873864,3.761200116,2.302585093,0.688134639,3.465735903,2.042518188,3.688879454,1
3.568687269,3.891820298,3.36729583,2.302585093,-0.010050336,2.302585093,2.823757009,3.891820298,1
2.893699548,3.784189634,2.944438979,2.302585093,-0.328504067,3.295836866,1.91102289,3.663561646,1
3.22246936,3.988984047,2.890371758,3.401197382,0.570979547,2.995732274,2.466403178,3.526360525,1
3.398861322,3.295836866,3.583518938,2.995732274,0.231111721,3.63758616,4.565909472,6.054439346,1
3.0194488,3.295836866,2.995732274,2.302585093,-0.186329578,1.791759469,2.784393768,3.970291914,1
2.57184858,3.583518938,3.091042453,2.995732274,0.2390169,2.48490665,2.570319528,4.060443011,1
3.669696635,3.970291914,3.218875825,2.302585093,0.039220713,2.302585093,2.885359216,3.871201011,1
2.921547375,3.891820298,2.772588722,2.302585093,0.371563556,3.401197382,1.880990603,3.688879454,1
2.850706502,4.077537444,4.007333185,2.302585093,0.086177696,3.044522438,3.163363115,4.248495242,1
1.913977102,4.248495242,4.564348191,2.302585093,0,3.433987204,3.801314883,5.049856007,1
2.786245049,4.465908119,3.218875825,2.302585093,0.797507196,2.708050201,2.586259144,4.219507705,1
2.338917022,4.442651256,5.087596335,2.302585093,0.322083499,4.007333185,3.666378189,4.795790546,1
2.568788134,4.025351691,4.234106505,2.302585093,0.693147181,3.33220451,3.428812549,4.532599493,1
2.633326655,3.784189634,3.218875825,2.302585093,0.717839793,2.197224577,3.869741613,4.143134726,1
3.759803792,3.912023005,4.553876892,2.302585093,1.261297871,3.828641396,3.999850716,5.117993812,1
3.18428438,4.007333185,4.430816799,2.302585093,0.819779831,3.737669618,3.415428964,4.770684624,1
2.64900766,4.382026635,4.96284463,2.302585093,1.121677562,4.043051268,3.790984677,4.96284463,1
3.362109993,3.80666249,4.418840608,2.302585093,0.470003629,3.713572067,3.788045826,5.283203729,1
3.449034711,3.555348061,4.430816799,2.302585093,0.593326845,3.688879454,4.574504772,5.713732806,1
3.251536607,4.127134385,4.406719247,2.302585093,1.085189268,4.007333185,3.197447877,4.644390899,1
3.553632305,4.110873864,3.091042453,2.302585093,1.047318994,2.772588722,2.969901514,4.060443011,1
1.785070481,4.110873864,4.369447852,2.302585093,-0.030459207,3.258096538,3.632838063,4.820281566,1
2.938103161,3.80666249,3.091042453,2.302585093,0.936093359,2.708050201,2.786245049,3.970291914,1
2.888703701,4.204692619,3.218875825,2.302585093,1.134622726,2.833213344,2.92905814,3.988984047,1
3.556204837,4.094344562,3.401197382,4.094344562,1.029619417,2.833213344,2.979602892,4.025351691,1
3.08236858,3.80666249,3.36729583,2.995732274,0.262364264,2.708050201,2.748552144,4.143134726,1
3.371081758,4.912654886,3.295836866,2.302585093,1.026041596,2.944438979,3.020424886,4.304065093,1
3.207612633,3.80666249,3.091042453,3.401197382,0.418710335,2.63905733,2.893699548,4.025351691,1
3.319263999,3.218875825,4.356708827,2.995732274,2.644755351,4.189654742,3.726175239,5.342334252,1
2.979094632,4.442651256,4.859812404,2.302585093,1.615419984,4.077537444,3.650658241,5.062595033,1
3.657130756,4.356708827,4.553876892,2.302585093,1.675225653,4.919980926,3.098288862,6.240275845,1
2.194999882,4.382026635,2.397895273,2.302585093,0.524728529,2.079441542,2.646174797,3.80666249,1
3.285412349,4.394449155,2.63905733,2.995732274,1.153731588,1.945910149,2.749192144,3.258096538,1
3.537475,4.276666119,2.833213344,2.302585093,0.698134722,1.098612289,2.941276088,3.258096538,1
2.775085602,4.234106505,2.197224577,2.302585093,0.887891257,1.609437912,2.118662255,2.890371758,1
2.915606229,3.583518938,2.397895273,2.302585093,-0.020202707,0.693147181,1.916922612,2.833213344,1
2.192770227,3.218875825,2.397895273,2.302585093,-0.127833372,1.098612289,2.851284369,3.091042453,1
2.305580602,3.784189634,2.48490665,5.634789603,0.19062036,1.791759469,2.731766728,3.465735903,1
2.405141681,4.465908119,2.397895273,5.135798437,0.476234179,1.945910149,2.190535589,3.496507561,1
1.340250423,3.891820298,2.397895273,4.605170186,0.113328685,1.609437912,2.552565298,3.295836866,1
3.001217204,3.33220451,2.48490665,2.302585093,0.598836501,1.945910149,2.761274962,3.610917913,1
2.436241478,4.369447852,2.564949357,5.521460918,0.292669614,1.945910149,1.835776355,3.465735903,1
2.765060456,3.135494216,2.708050201,2.302585093,-0.051293294,0,2.2782924,2.833213344,1
3.340030946,3.36729583,2.772588722,2.302585093,0.542324291,1.098612289,3.136797714,3.295836866,1
1.873339456,3.044522438,2.197224577,2.302585093,-0.415515444,0,2.165619238,2.944438979,1
2.696652156,3.610917913,2.63905733,3.688879454,0.223143551,2.079441542,2.119863456,3.688879454,1
3.770229,3.433987204,2.772588722,2.302585093,0.647103242,1.098612289,2.49732917,2.772588722,1
3.017982882,4.564348191,2.564949357,2.302585093,0.364643114,2.48490665,3.00914196,4.110873864,1
2.713369363,3.737669618,2.48490665,5.736572297,0.3074847,1.945910149,2.568021556,3.713572067,1
1.393766376,3.931825633,2.302585093,4.700480366,0.385262401,1.791759469,1.713797928,3.526360525,1
3.711130063,4.094344562,3.33220451,3.688879454,0.58221562,2.772588722,3.119718253,4.394449155,1
1.803358605,4.043051268,2.302585093,3.401197382,0.086177696,1.386294361,1.45395301,3.36729583,1
2.879198457,4.430816799,3.091042453,4.86753445,0.652325186,2.772588722,2.980618636,4.127134385,1
2.442347035,4.17438727,2.302585093,4.605170186,0.254642218,1.945910149,2.442347035,3.465735903,1
2.397895273,4.204692619,2.708050201,4.700480366,1.098612289,2.708050201,3.36729583,4.430816799,1
3.605497845,4.762173935,4.262679877,4.49980967,1.919859472,3.951243719,3.713572067,5.062595033,1
1.667706821,3.496507561,2.197224577,2.995732274,-0.198450939,1.609437912,2.251291799,3.737669618,1
0.78845736,4.394449155,2.48490665,4.248495242,0.336472237,2.302585093,2.370243741,3.850147602,1
1.510721939,4.882801923,2.197224577,5.799092654,0.722705983,1.386294361,2.407845604,3.295836866,1
2.170195905,4.59511985,2.995732274,3.688879454,1.337629189,2.63905733,2.951780386,4.043051268,2
1.486139696,4.828313737,2.397895273,3.401197382,0.78845736,1.945910149,2.426571073,3.688879454,2
1.930071085,5.147494477,2.197224577,2.302585093,1.864080131,2.564949357,2.294552921,3.401197382,1
2.145931283,4.955827058,2.48490665,2.302585093,0.75612198,1.945910149,2.296567021,3.555348061,1
2.009555414,4.844187086,2.397895273,2.302585093,1.504077397,2.48490665,2.49732917,3.465735903,2
2.276241118,4.882801923,2.302585093,2.302585093,0.518793793,1.791759469,2.519308077,3.36729583,1
1.202972304,4.787491743,2.079441542,2.302585093,1.490654376,2.48490665,2.23644529,3.044522438,1
2.377692565,4.644390899,2.48490665,2.302585093,0.444685821,1.791759469,2.354228326,3.465735903,1
1.58514522,4.574710979,2.564949357,2.302585093,1.430311247,2.302585093,2.3896798,3.583518938,1
1.945910149,2.302585093,3.169685581,4.382026635,-0.446287103,2.990719732,2.928523524,4.248495242,1
2.397895273,2.564949357,3.975936331,4.941642423,0.21511138,2.541601993,3.234749174,4.382026635,1
3.610917913,2.197224577,2.533696814,4.248495242,-0.261364764,2.58021683,2.753660712,4.025351691,2
2.079441542,2.197224577,3.015534901,3.912023005,-0.634878272,2.93385687,2.687847494,3.850147602,2
2.564949357,1.945910149,3.314186005,4.094344562,-0.94160854,1.791759469,1.62924054,3.555348061,1
3.80666249,2.397895273,3.61361697,4.86753445,-0.46203546,2.32238772,2.379546134,4.454347296,1
2.302585093,2.944438979,3.903990834,4.248495242,0.425267735,2.815408719,2.341805806,4.356708827,1
2.995732274,3.295836866,3.813307032,4.382026635,0.139761942,3.335769576,2.917770732,4.795790546,1
2.48490665,3.33220451,2.660259537,3.688879454,-0.616186139,3.0301337,1.722766598,3.737669618,1
2.564949357,2.833213344,3.18221184,3.912023005,1.249901736,3.068052935,2.980618636,4.532599493,1
2.079441542,2.197224577,2.646174797,2.995732274,-0.597837001,1.916922612,1.62924054,3.688879454,1
2.63905733,2.833213344,3.173878459,4.248495242,0.90016135,3.010620886,2.90690106,4.521788577,1
2.890371758,2.63905733,2.646174797,4.49980967,-0.544727175,2.646174797,2.890371758,4.158883083,1
2.708050201,2.890371758,2.351375257,4.787491743,-0.116533816,2.87356464,3.100092289,4.343805422,1
3.526360525,3.63758616,3.77505715,3.912023005,0.329303747,3.303216973,4.321480135,5.620400866,1
2.708050201,2.197224577,2.890371758,4.49980967,0.148420005,2.451005098,3.144152279,4.189654742,2
3.465735903,2.302585093,2.302585093,4.49980967,-0.446287103,2.653241965,2.791165108,4.007333185,1
2.564949357,2.302585093,3.56671182,4.094344562,0.300104592,2.332143895,1.931521412,4.007333185,1
2.63905733,2.772588722,3.374168709,4.382026635,0.418710335,2.980618636,2.867898902,4.430816799,1
2.63905733,2.564949357,2.509599262,4.094344562,-0.174353387,2.740840024,2.879198457,4.553876892,1
3.555348061,3.17805383,3.706228092,3.912023005,0.850150929,3.60004824,3.75419892,4.941642423,1
2.63905733,2.48490665,3.540959324,4.248495242,1.057790294,3.321432413,2.541601993,3.871201011,1
2.48490665,2.708050201,2.884800713,3.688879454,-0.634878272,2.525728644,2.595254707,4.007333185,1
3.433987204,3.912023005,3.975936331,3.912023005,0.207014169,3.218875825,3.19047635,5.517452896,1
3.295836866,3.218875825,3.841600541,5.010635294,0.048790164,3.784189634,3.465735903,5.049856007,1
3.17805383,2.708050201,3.505557397,3.688879454,0.604315967,3.104586678,2.701361213,4.189654742,1
2.708050201,3.135494216,3.0301337,5.247024072,-0.356674944,2.778819272,2.714694744,4.043051268,1
2.079441542,2.890371758,3.005682604,3.912023005,-0.274436846,2.721295428,2.587764035,3.871201011,1
2.48490665,2.48490665,2.63188884,3.401197382,-0.891598119,2.351375257,2.442347035,3.912023005,1
3.044522438,3.218875825,3.339321978,4.787491743,0.828551818,3.269568939,2.674148649,4.219507705,1
3.555348061,3.583518938,4.003690194,3.401197382,0.336472237,2.48490665,4.856706812,6.089044875,1
3.610917913,2.63905733,4.222444565,4.094344562,2.070653036,3.640214282,3.157000421,4.59511985,1
3.044522438,2.772588722,3.484312288,4.605170186,0.431782416,3.109060959,2.912350665,4.356708827,1
2.708050201,2.890371758,3.238678452,5.010635294,0.641853886,3.152736022,3.068052935,4.574710979,2
3.688879454,2.079441542,2.57261223,4.605170186,-0.274436846,2.48490665,2.809402695,3.970291914,1
2.302585093,2.197224577,3.206803244,3.912023005,-0.713349888,2.93385687,3.063390922,4.248495242,1
3.218875825,2.397895273,2.93385687,5.247024072,-0.210721031,2.76000994,3.095577609,4.127134385,1
3.761200116,3.044522438,2.901421594,4.605170186,0.039220713,2.960105096,3.068052935,4.219507705,1
3.36729583,3.258096538,3.758871826,6.745236349,0.708035793,2.944438979,3.804437795,4.753590191,1
2.772588722,3.091042453,3.387774361,4.248495242,0.019802627,3.443618098,3.04927304,4.59511985,1
3.401197382,3.737669618,4.297285406,5.768320996,0.246860078,3.555348061,4.313480092,5.33753808,2
2.995732274,4.17438727,3.985273467,7.299797367,0.542324291,3.708682081,3.696351469,5.003946306,2
3.496507561,3.218875825,4.094344562,4.86753445,0.113328685,3.186352633,4.639571613,5.568344504,1
2.48490665,2.708050201,3.254242969,4.49980967,1.011600912,2.980618636,3.025291076,4.48863637,2
2.63905733,4.465908119,4.526126979,4.094344562,1.17557333,4.099332104,3.42751469,4.762173935,4
2.48490665,2.63905733,3.250374492,4.382026635,0.672944473,2.954910279,2.646174797,4.394449155,1
3.433987204,2.63905733,3.835141961,4.248495242,0.698134722,3.63758616,2.406945108,3.761200116,1
2.772588722,3.044522438,3.443618098,3.912023005,-0.139262067,3.605497845,2.901421594,4.406719247,1
3.044522438,2.944438979,3.443618098,3.688879454,0.21511138,3.718438256,2.867898902,4.553876892,1
3.044522438,2.833213344,3.169685581,4.094344562,0.425267735,3.299533728,3.42751469,4.983606622,1
3.784189634,3.091042453,3.55820113,3.688879454,1.01523068,3.856510295,3.161246712,5.123963979,1
2.890371758,4.430816799,3.968403339,7.333023014,1.662030363,3.923951576,2.517696473,4.691347882,1
3.33220451,2.833213344,3.706228092,4.248495242,0.2390169,3.63758616,3.310543013,4.795790546,1
2.944438979,2.48490665,3.303216973,6.522092798,-0.186329578,2.839078464,3.230804396,4.430816799,1
3.737669618,2.890371758,3.618993327,5.886104031,0.615185639,3.218875825,3.157000421,4.890349128,2
2.397895273,2.944438979,3.555348061,7.237059026,0.113328685,2.76000994,2.617395833,4.477336814,1
3.526360525,2.833213344,3.779633817,5.480638923,0.727548607,3.608211551,3.218875825,4.65396035,1
3.465735903,2.995732274,3.723280881,7.244227516,0.131028262,2.803360381,2.624668592,4.343805422,1
2.397895273,2.48490665,3.88567903,6.01615716,0.21511138,2.517696473,2.602689685,4.290459441,1
2.302585093,3.044522438,3.62700405,6.253828812,0.067658648,2.815408719,2.48490665,4.394449155,1
2.079441542,4.672828834,3.975936331,8.080237416,0.841567186,4.120661871,2.766319109,4.430816799,1
2.63905733,3.401197382,3.597312261,5.768320996,-0.371063681,3.583518938,2.821378886,4.356708827,2
3.688879454,2.772588722,3.360375387,5.560681631,0.412109651,3.269568939,3.0301337,4.912654886,1
2.772588722,2.397895273,3.456316681,3.912023005,0.277631737,3.198673118,3.122364924,4.615120517,1
1.791759469,2.833213344,2.76000994,3.912023005,2.442347035,3.380994674,2.379546134,4.48863637,1
2.995732274,2.708050201,3.39785848,4.941642423,0.802001585,3.242592351,3.238678452,4.779123493,1
2.397895273,2.833213344,2.48490665,4.941642423,0.029558802,2.965273066,2.912350665,4.795790546,1
3.583518938,4.094344562,3.624340933,3.912023005,0.620576488,2.912350665,3.277144733,5.075173815,1
3.218875825,3.496507561,3.417726684,3.912023005,0.39877612,2.63905733,3.131136911,4.521788577,1
3.218875825,2.197224577,2.58021683,5.135798437,-0.15082289,1.916922612,2.4765384,4.454347296,1
2.63905733,2.197224577,2.708050201,4.787491743,0.357674444,2.721295428,2.856470206,4.510859507,1
3.258096538,3.688879454,3.414442608,4.248495242,1.286474026,3.668676747,4.498697941,5.613128106,1
2.772588722,2.890371758,3.126760536,4.49980967,-0.15082289,3.126760536,2.63188884,4.025351691,2
3.091042453,3.091042453,3.08190997,4.094344562,1.241268589,2.797281335,3.735285827,4.624972813,1
0.412109651,2.718000532,3.219675505,2.302585093,1.166270937,2.941276088,2.778819272,4.08142817,3
2.48490665,3.80666249,3.975936331,3.688879454,0.609765572,3.972176928,2.87356464,4.510859507,1
2.079441542,3.044522438,3.025291076,3.688879454,2.05796251,3.411147713,2.370243741,4.276666119,2
2.890371758,2.63905733,3.430756184,2.995732274,0.412109651,3.310543013,3.234749174,4.663439094,3
2.63905733,2.772588722,2.990719732,7.757906208,1.244154594,3.095577609,3.478158423,4.718498871,1
2.48490665,3.33220451,4.019980147,4.382026635,0.223143551,3.686376324,2.93385687,4.477336814,1
1.791759469,2.772588722,2.493205453,3.688879454,-0.210721031,2.87356464,2.714694744,4.060443011,1
3.33220451,2.995732274,3.879499814,3.912023005,-0.083381609,3.63758616,3.299533728,4.890349128,1
3.218875825,2.708050201,3.104586678,3.688879454,0.802001585,3.113515309,3.5085559,4.836281907,1
1.609437912,2.772588722,2.219203484,4.094344562,0.254642218,2.815408719,2.646174797,4.007333185,1
0.285178942,3.461351304,3.424913908,2.995732274,1.401182974,3.297317251,3.025291076,4.260000234,1
1.386294361,2.833213344,2.595254707,3.688879454,1.472472057,2.856470206,2.791165108,4.343805422,1
1.991975516,2.731115474,3.659708077,8.240121298,-0.030459207,2.803360381,3.529297384,4.014218518,1
2.197224577,3.433987204,4.079230924,3.912023005,-0.174353387,3.152736022,2.856470206,4.65396035,1
3.36729583,3.465735903,4.272490748,4.605170186,0.688134639,3.421000009,4.096009842,5.384495063,1
2.944438979,3.258096538,4.294560609,3.688879454,1.05431203,3.353406718,3.561046083,4.762173935,3
2.944438979,3.555348061,4.276666119,4.49980967,0.131028262,3.517497837,3.742420221,5.153291594,1
2.397895273,2.772588722,2.944438979,3.401197382,1.026041596,2.990719732,3.039749159,4.48863637,1
2.944438979,3.218875825,3.222867846,4.49980967,0.39877612,3.487375078,2.939161922,4.477336814,3
2.708050201,3.17805383,3.277144733,4.094344562,0.231111721,3.499533282,3.202746443,4.753590191,2
2.833213344,2.944438979,3.173878459,3.688879454,1.252762968,3.139832618,3.000719815,4.49980967,4
2.833213344,3.044522438,3.47506723,3.912023005,0.173953307,3.737669618,2.839078464,4.477336814,3
2.63905733,5.765191103,3.363841595,4.49980967,1.715598108,4.249922794,2.687847494,4.17438727,2
2.079441542,3.218875825,2.587764035,3.912023005,0.09531018,3.091042453,2.980618636,4.521788577,3
1.609437912,2.708050201,1.740466175,2.995732274,-0.733969175,2.186051277,2.827313622,4.127134385,2
3.095125017,4.189351666,3.845883203,3.401197382,1.470175845,3.241419789,3.610917913,4.665888921,2
2.890371758,2.890371758,3.763522997,3.401197382,0.223143551,3.471966453,3.068052935,4.510859507,2
1.386294361,3.091042453,2.867898902,4.605170186,2.341805806,3.572345638,2.433613355,4.691347882,4
1.791759469,2.772588722,2.2300144,4.49980967,1.111857515,2.694627181,2.815408719,3.931825633,4
2.302585093,2.302585093,2.701361213,4.49980967,0.879626748,2.839078464,2.501435952,4.219507705,2
1.609437912,2.890371758,2.509599262,3.912023005,1.029619417,2.93385687,2.660259537,4.127134385,4
1.609437912,2.833213344,2.533696814,3.912023005,1.360976553,2.912350665,2.681021529,4.158883083,3
2.302585093,2.48490665,2.701361213,4.094344562,0.457424847,3.020424886,2.549445171,4.158883083,2
1.386294361,2.772588722,2.433613355,3.688879454,0.542324291,2.939161922,2.493205453,4.043051268,1
2.48490665,3.135494216,3.88567903,4.094344562,0.741937345,3.546739687,3.254242969,4.304065093,1
1.859418118,3.646493738,3.607398212,2.995732274,1.121677562,2.973997781,3.194583132,4.225226615,3
1.675225653,3.464172181,3.29694736,2.995732274,0.88376754,3.025776395,3.010620886,4.096342565,1
1.386294361,3.36729583,2.734367509,3.401197382,2.174751721,3.5085559,2.451005098,4.521788577,2
2.890371758,2.708050201,3.763522997,3.401197382,0.113328685,3.47506723,2.93385687,4.49980967,2
2.302585093,2.995732274,3.144152279,4.787491743,0.940007258,3.18221184,2.912350665,4.727387819,1
2.48490665,2.397895273,3.173878459,4.094344562,0.048790164,2.778819272,3.113515309,4.905274778,1
2.708050201,3.044522438,3.246490992,3.912023005,0.019802627,2.923161581,3.246490992,4.48863637,1
2.302585093,2.63905733,3.234749174,5.135798437,0.2390169,2.90690106,3.104586678,4.663439094,2
2.833213344,2.397895273,2.879198457,2.302585093,-0.371063681,2.721295428,2.747270914,4.317488114,1
3.295836866,2.564949357,2.424802726,2.302585093,0.2390169,2.815408719,2.797281335,3.784189634,1
2.397895273,2.63905733,2.928523524,3.912023005,0.451075619,2.944438979,2.708050201,4.663439094,1
1.791759469,3.091042453,2.701361213,3.401197382,1.773255998,3.370738174,2.595254707,4.663439094,1
1.791759469,2.995732274,2.415913778,4.248495242,0.139761942,2.839078464,2.674148649,4.094344562,1
3.17805383,2.708050201,3.624340933,4.094344562,0.765467842,3.321432413,3.254242969,4.663439094,2
1.609437912,3.091042453,2.791165108,2.302585093,1.702928256,3.404525172,2.63188884,4.700480366,1
2.708050201,2.63905733,3.086486637,4.86753445,-0.342490309,3.044522438,3.317815773,4.890349128,3
1.791759469,3.044522438,2.687847494,4.382026635,-0.15082289,2.912350665,2.63188884,3.526360525,2
2.302585093,3.17805383,3.039749159,2.302585093,1.280933845,3.068052935,3.131136911,4.510859507,1
2.48490665,2.302585093,2.714694744,2.302585093,-0.210721031,2.468099531,3.288401888,4.060443011,2
1.386294361,2.63905733,2.867898902,2.302585093,-0.776528789,2.587764035,3.109060959,3.891820298,1
1.386294361,2.397895273,2.785011242,3.401197382,-0.755022584,2.844909384,2.809402695,3.784189634,1
1.791759469,2.890371758,2.917770732,3.401197382,1.857859271,3.210843653,2.721295428,4.317488114,1
2.48490665,2.397895273,3.18221184,3.401197382,-0.342490309,3.072693315,2.406945108,3.951243719,1
2.197224577,2.48490665,2.791165108,3.688879454,0.97455964,2.954910279,2.833213344,4.356708827,1
2.302585093,2.302585093,2.785011242,3.912023005,0.727548607,3.020424886,2.687847494,4.418840608,1
1.791759469,3.091042453,2.856470206,2.302585093,1.492904096,3.27336401,2.76000994,4.48863637,1
1.609437912,2.833213344,2.406945108,4.248495242,0.198850859,2.912350665,2.856470206,4.158883083,1
2.197224577,2.302585093,2.674148649,4.248495242,0.90016135,2.965273066,2.509599262,4.248495242,1
1.791759469,2.772588722,2.93385687,3.912023005,0.488580015,2.727852828,2.388762789,3.931825633,4
2.48490665,2.397895273,3.306886702,4.248495242,0.231111721,3.246490992,2.549445171,3.970291914,1
3.091042453,2.833213344,3.135494216,4.248495242,1.316408234,2.721295428,3.862832761,4.634728988,1
3.044522438,4.890349128,3.387774361,2.995732274,-0.562118918,3.005682604,3.095577609,4.836281907,1
3.044522438,3.737669618,4.123903364,2.302585093,0.157003749,3.517497837,3.08190997,4.700480366,1
2.397895273,4.836281907,3.663561646,2.995732274,-0.328504067,2.240709689,2.292534757,0,1
2.48490665,3.295836866,3.194583132,3.401197382,0.029558802,3.068052935,3.039749159,4.17438727,1
3.091042453,2.944438979,3.306886702,3.912023005,-0.385662481,3.169685581,2.653241965,4.465908119,1
2.944438979,3.36729583,3.549617387,2.995732274,0.292669614,3.214867803,3.786459782,4.812184355,4
1.386294361,2.890371758,2.57261223,3.688879454,1.249901736,2.923161581,2.727852828,4.143134726,1
2.772588722,2.48490665,2.923161581,2.995732274,0.3074847,2.587764035,3.514526067,4.543294782,1
3.258096538,2.197224577,3.292126287,3.688879454,-0.105360516,3.169685581,3.104586678,4.912654886,1
3.496507561,2.564949357,3.589059119,3.401197382,1.663926098,3.490428515,5.035653057,6.139884552,1
2.397895273,2.302585093,3.335769576,3.688879454,0.703097511,3.139832618,2.406945108,3.828641396,1
3.091042453,3.044522438,3.157000421,4.86753445,0.488580015,3.202746443,4.099332104,5.272999559,1
2.397895273,2.397895273,2.602689685,3.401197382,-0.84397007,2.219203484,2.292534757,3.80666249,1
3.044522438,2.944438979,3.346389145,3.912023005,0.329303747,3.122364924,2.912350665,4.343805422,1
3.784189634,4.204692619,3.918005077,4.49980967,1.156881197,3.867025639,3.546739687,4.700480366,1
2.397895273,2.833213344,2.944438979,3.688879454,-0.597837001,3.005682604,2.351375257,4.615120517,1
2.63905733,2.833213344,2.674148649,3.912023005,-0.494296322,2.48490665,2.681021529,4.077537444,1
3.135494216,3.218875825,3.363841595,3.401197382,0.604315967,3.246490992,2.624668592,4.189654742,1
2.63905733,3.401197382,2.646174797,3.688879454,0.39877612,2.884800713,3.135494216,4.812184355,1
3.295836866,3.044522438,3.602776755,3.688879454,1.00063188,3.335769576,2.890371758,4.317488114,1
2.995732274,3.091042453,3.349904087,3.688879454,0.357674444,3.165475048,2.58021683,4.158883083,1
2.890371758,2.564949357,3.010620886,2.302585093,-0.314710745,3.005682604,2.351375257,4.043051268,1
2.944438979,2.397895273,3.94931879,4.094344562,1.905088155,3.64805746,3.068052935,4.204692619,1
3.36729583,3.688879454,3.314186005,4.094344562,1.25846099,3.691376334,4.175924549,5.666426688,1
2.197224577,2.079441542,2.292534757,2.995732274,-0.776528789,2.091864062,2.341805806,3.63758616,1
3.044522438,2.833213344,3.523415014,3.401197382,0.593326845,3.210843653,3.091042453,4.442651256,1
3.555348061,2.995732274,2.917770732,3.688879454,0.009950331,2.778819272,3.740047741,5.262690189,1
2.397895273,2.48490665,2.415913778,2.995732274,-0.820980552,2.219203484,2.292534757,3.80666249,1
3.496507561,3.218875825,2.862200881,4.49980967,0.336472237,2.772588722,3.034952987,4.744932128,1
3.526360525,3.091042453,3.095577609,3.912023005,0.122217633,2.844909384,3.496507561,4.955827058,1
2.397895273,2.63905733,2.63905733,3.688879454,-0.562118918,2.370243741,2.261763098,3.850147602,1
3.135494216,3.044522438,3.797733859,4.248495242,0.444685821,3.808882247,2.975529566,4.543294782,1
3.526360525,2.995732274,3.835141961,4.86753445,0.357674444,3.688879454,3.139832618,4.718498871,1
3.044522438,3.258096538,3.693866996,4.094344562,0.31481074,3.691376334,3.000719815,4.644390899,1
3.218875825,3.295836866,3.433987204,4.248495242,0.774727168,2.708050201,2.674148649,4.219507705,1
3.044522438,4.912654886,4.375757022,4.605170186,2.172476408,4.521788577,3.339321978,4.941642423,1
2.48490665,2.890371758,2.681021529,3.688879454,-0.301105093,2.714694744,2.370243741,3.80666249,1
2.397895273,3.496507561,2.468099531,3.401197382,-0.287682072,2.809402695,2.58021683,3.871201011,1
3.36729583,4.369447852,3.686376324,4.094344562,1.54329811,3.964615456,3.034952987,4.804021045,2
2.197224577,2.564949357,2.4765384,3.401197382,-0.733969175,2.468099531,2.302585093,3.713572067,1
2.833213344,3.401197382,3.616308761,3.401197382,-0.198450939,3.608211551,2.517696473,4.110873864,1
2.708050201,2.944438979,2.90690106,4.700480366,-0.051293294,2.63905733,2.995732274,4.219507705,1
1.945910149,2.944438979,2.653241965,3.401197382,-0.733969175,2.517696473,2.58021683,4.060443011,1
3.258096538,4.094344562,3.424262655,3.912023005,0.717839793,3.131136911,2.90690106,4.682131227,1
3.135494216,2.944438979,3.342861805,3.401197382,0.457424847,3.214867803,2.587764035,4.127134385,1
1.609437912,2.944438979,2.163323026,3.401197382,-0.400477567,1.902107526,2.079441542,4.17438727,1
3.135494216,3.496507561,3.17805383,3.401197382,0.378436436,3.342861805,2.653241965,4.143134726,1
2.890371758,3.258096538,3.433987204,3.912023005,0.329303747,3.246490992,2.928523524,4.262679877,1
2.944438979,2.397895273,3.242592351,2.302585093,0.678033543,3.0301337,4.204692619,5.501258211,1
3.17805383,2.995732274,3.543853682,2.995732274,-0.562118918,3.349904087,2.747270914,4.605170186,1
2.564949357,3.401197382,3.152736022,3.401197382,-0.94160854,2.791165108,2.341805806,3.891820298,1
3.401197382,2.995732274,2.747270914,4.094344562,0.207014169,2.714694744,2.917770732,4.605170186,1
3.044522438,3.044522438,3.414442608,3.401197382,0.641853886,3.169685581,2.778819272,4.204692619,1
2.397895273,3.465735903,3.18221184,3.688879454,0.31481074,3.502549876,2.63188884,4.477336814,1
2.48490665,3.135494216,2.602689685,2.995732274,-0.494296322,2.564949357,2.674148649,4.094344562,1
3.044522438,2.833213344,3.17805383,5.075173815,-0.430782916,3.17805383,2.433613355,4.836281907,1
1.945910149,3.33220451,3.04927304,3.401197382,-0.314710745,2.57261223,2.681021529,4.025351691,1
3.63758616,3.555348061,3.394508394,3.688879454,-0.328504067,3.020424886,3.36729583,4.682131227,1
1.791759469,3.091042453,1.824549292,4.248495242,-0.494296322,2.251291799,2.208274414,2.995732274,1
1.945910149,3.044522438,2.734367509,3.912023005,1.986503546,3.374168709,2.610069793,4.644390899,1
2.197224577,2.48490665,3.072693315,4.248495242,-0.342490309,2.624668592,3.238678452,4.532599493,1
2.079441542,2.564949357,3.126760536,4.382026635,0.350656872,2.734367509,3.072693315,4.127134385,1
2.63905733,2.890371758,3.186352633,6.309918278,1.16315081,3.068052935,2.901421594,4.564348191,1
2.564949357,2.564949357,2.602689685,2.302585093,-0.385662481,2.602689685,3.292126287,4.094344562,1
2.708050201,2.564949357,3.100092289,3.912023005,-0.415515444,2.975529566,3.246490992,4.997212274,1
1.791759469,2.708050201,2.332143895,2.302585093,-0.287682072,2.901421594,2.867898902,4.204692619,1
2.63905733,2.48490665,3.063390922,4.094344562,-0.385662481,2.990719732,3.202746443,4.890349128,1
1.945910149,2.302585093,2.721295428,3.401197382,-0.820980552,2.821378886,2.928523524,4.430816799,1
2.302585093,2.079441542,3.261935314,6.697034248,1.111857515,2.901421594,3.122364924,4.543294782,1
2.079441542,2.397895273,3.487375078,6.396929655,-0.356674944,2.954910279,3.131136911,4.912654886,1
2.197224577,2.397895273,3.681351188,7.61085279,0.463734016,2.985681938,3.148453361,6.49375384,1
1.791759469,2.833213344,3.433987204,4.094344562,0.086177696,3.39785848,3.449987546,6.021023349,1
1.945910149,2.772588722,3.246490992,4.094344562,-0.371063681,3.186352633,3.139832618,4.976733742,1
1.945910149,2.564949357,2.747270914,2.302585093,-0.198450939,2.803360381,3.401197382,4.682131227,1
1.386294361,2.63905733,2.815408719,2.302585093,-0.967584026,2.653241965,2.867898902,3.891820298,1
1.609437912,2.890371758,3.317815773,3.912023005,-0.430782916,3.306886702,2.954910279,4.553876892,1
3.044522438,3.17805383,6.254213353,3.912023005,0.285178942,3.532225644,4.043051268,5.796057751,1
2.079441542,2.079441542,3.091042453,3.688879454,-0.478035801,2.57261223,2.970414466,4.382026635,1
2.48490665,2.302585093,3.299533728,6.29156914,0.371563556,2.985681938,3.044522438,5.220355825,1
3.713572067,2.63905733,4.309455942,4.787491743,0.548121409,3.360375387,3.471966453,6.549650742,2
1.098612289,2.944438979,2.990719732,3.401197382,-0.579818495,2.928523524,2.595254707,3.63758616,1
2.708050201,2.302585093,2.564949357,3.912023005,-0.653926467,2.617395833,3.086486637,4.48863637,1
2.079441542,2.708050201,3.100092289,2.995732274,-0.400477567,3.015534901,3.104586678,4.33073334,1
1.791759469,3.135494216,2.901421594,2.302585093,1.068153081,3.349904087,2.681021529,4.543294782,1
0.693147181,3.33220451,2.701361213,2.995732274,-1.46967597,2.93385687,1.609437912,3.931825633,1
2.397895273,2.944438979,2.778819272,4.605170186,0.009950331,2.459588842,2.501435952,3.871201011,1
1.098612289,2.48490665,1.435084525,2.302585093,-0.994252273,2.054123734,2.4765384,3.931825633,1
1.625311262,3.538056564,3.112626025,2.995732274,-0.162518929,3.349904087,2.58021683,3.773220603,1
-1.897119985,-1.560647748,3.713572067,4.382026635,-3.506557897,3.231199575,3.401197382,0.09531018,1
2.529720666,3.985645145,3.784189634,3.912023005,0.712949808,3.654029177,3.487375078,4.673949701,1
1.521698998,3.360028105,4.008968211,4.094344562,-0.415515444,3.078233495,2.708050201,3.993049844,1
2.246014742,2.811809435,3.299902664,3.688879454,0.783901544,3.096934154,3.044522438,4.431054866,1
2.463001814,4.62771415,4.025351691,4.248495242,1.184789985,3.617920365,3.19047635,4.663816381,1
2.944438979,4.077537444,3.663561646,2.995732274,1.266947603,3.691376334,3.597312261,5.062595033,1
2.48490665,2.197224577,2.791165108,3.912023005,-0.634878272,2.901421594,3.230804396,4.672828834,1
2.63905733,3.496507561,3.346389145,2.302585093,1.378766095,3.250374492,3.122364924,4.59511985,1
3.091042453,2.890371758,2.57261223,2.302585093,0.879626748,2.995732274,2.721295428,4.143134726,1
0.693147181,3.36729583,2.76000994,2.995732274,-1.386294361,2.949688335,1.704748092,3.988984047,1
1.226712291,3.969725716,3.220474546,2.302585093,-0.235722334,3.684871433,2.48490665,3.873905683,1
2.72719902,3.633366744,3.96783607,2.995732274,0.993251773,3.424588334,3.725693427,4.758920786,1
2.836736542,3.783052624,3.979120749,3.912023005,0.722705983,3.449034711,3.555348061,4.639281716,1
1.593308531,4.110053856,4.091172871,2.995732274,-0.673344553,3.668421612,3.47506723,4.500142948,1
2.197224577,3.891820298,3.356897123,2.302585093,1.156881197,3.634951112,3.580737295,4.820281566,1
1.098612289,2.772588722,2.928523524,3.401197382,-0.693147181,2.797281335,2.856470206,3.713572067,2
0.593326845,3.577668525,3.433987204,2.995732274,-0.162518929,3.494080376,3.044522438,3.706473763,1
1.098612289,2.708050201,2.694627181,2.302585093,-0.94160854,2.740840024,2.442347035,3.135494216,1
1.791759469,2.833213344,3.280911216,3.688879454,-0.274436846,3.277144733,2.985681938,4.624972813,1
1.609437912,2.397895273,3.025291076,3.688879454,-0.597837001,2.660259537,3.077312261,4.248495242,1
2.772588722,3.17805383,6.007583929,2.995732274,0.198850859,3.552486829,4.016383021,5.780743516,1
1.294727168,3.203559121,3.28578653,4.094344562,0.067658648,3.050220459,2.740840024,3.984715691,1
0.506817602,3.003700443,3.12544388,2.302585093,1.845300236,3.513036863,4.127134385,4.281930018,1
2.35991016,2.901421594,4.094344562,4.094344562,0.470003629,3.251923679,3.33220451,4.758835034,1
2.48490665,2.944438979,3.250374492,2.302585093,-0.274436846,3.054001182,2.734367509,4.158883083,1
2.772588722,3.258096538,3.157000421,3.688879454,-0.139262067,3.072693315,2.862200881,4.17438727,1
2.833213344,3.496507561,3.374168709,4.700480366,-0.094310679,3.321432413,2.923161581,4.248495242,1
1.945910149,3.17805383,2.990719732,2.302585093,1.226712291,3.446807893,3.020424886,4.709530201,1
0.693147181,3.33220451,2.667228207,2.302585093,-1.714798428,2.856470206,1.757857918,3.891820298,1
2.079441542,2.197224577,2.653241965,3.688879454,-0.776528789,2.747270914,3.242592351,4.465908119,1
2.48490665,2.890371758,3.848017675,2.302585093,0.122217633,3.131136911,2.617395833,3.912023005,1
1.791759469,3.091042453,2.901421594,2.995732274,-0.261364764,2.687847494,2.624668592,4.204692619,1
1.945910149,3.091042453,2.459588842,2.302585093,2.235376343,3.64805746,3.020424886,4.736198448,1
2.397895273,1.945910149,2.753660712,2.302585093,-0.562118918,2.549445171,2.791165108,4.406719247,1
2.564949357,2.772588722,3.254242969,4.094344562,2.890371758,3.708682081,3.925925911,6.302618976,1
2.772588722,2.708050201,3.173878459,2.302585093,0.620576488,3.19047635,2.557227311,4.043051268,1
2.772588722,3.526360525,3.478158423,3.912023005,0.09531018,3.493472658,3.104586678,4.624972813,1
2.708050201,3.583518938,3.47506723,3.688879454,0.392042088,3.384390263,2.939161922,4.248495242,1
2.48490665,2.890371758,3.148453361,2.302585093,0.076961041,3.131136911,2.332143895,3.988984047,1
2.48490665,2.944438979,3.802208139,2.302585093,0.029558802,3.152736022,2.980618636,4.007333185,1
2.708050201,3.433987204,3.443618098,5.247024072,-0.235722334,3.46260601,2.93385687,4.510859507,1
2.772588722,3.135494216,4.398146017,4.700480366,-0.314710745,3.091042453,2.747270914,4.007333185,1
2.772588722,3.36729583,3.430756184,5.075173815,0.223143551,3.642835516,3.258096538,4.672828834,1
1.791759469,2.63905733,3.131136911,5.703782475,-0.478035801,3.100092289,2.949688335,4.644390899,1
2.63905733,3.135494216,3.580737295,2.995732274,-0.186329578,3.198673118,3.015534901,4.477336814,2
2.63905733,3.33220451,3.269568939,2.302585093,-0.274436846,3.317815773,2.912350665,4.290459441,1
2.48490665,2.48490665,3.772760938,4.49980967,0.647103242,3.072693315,3.19047635,6.609349243,1
1.791759469,2.48490665,3.086486637,3.401197382,-0.653926467,2.827313622,3.148453361,4.234106505,1
2.772588722,2.48490665,2.970414466,4.49980967,-0.301105093,2.815408719,3.077312261,4.382026635,1
1.791759469,1.791759469,2.617395833,3.401197382,-0.693147181,2.433613355,2.708050201,4.110873864,1
1.609437912,2.564949357,3.46260601,2.302585093,-1.237874356,2.468099531,2.797281335,3.713572067,3
2.48490665,2.995732274,3.839452313,2.302585093,-0.051293294,3.144152279,2.617395833,4.094344562,3
2.079441542,2.995732274,3.072693315,2.302585093,-0.616186139,2.674148649,2.63188884,4.007333185,3
2.48490665,2.833213344,3.618993327,3.401197382,0.542324291,3.04927304,2.667228207,3.912023005,1
2.302585093,2.890371758,2.63188884,3.401197382,-0.174353387,2.564949357,2.990719732,3.912023005,1
2.772588722,3.218875825,3.433987204,3.401197382,0.009950331,3.440418095,2.525728644,4.127134385,1
1.945910149,2.397895273,2.884800713,2.995732274,-1.237874356,2.351375257,1.931521412,3.555348061,1
1.609437912,2.564949357,3.62700405,2.302585093,-1.049822124,2.564949357,2.928523524,3.988984047,1
2.197224577,2.63905733,3.572345638,6.327936784,-0.597837001,2.797281335,3.117949906,4.234106505,1
2.302585093,2.708050201,3.039749159,4.605170186,-0.328504067,3.113515309,2.867898902,4.812184355,1
2.197224577,2.772588722,3.194583132,2.995732274,-0.186329578,2.76000994,3.443618098,4.418840608,2
1.650579856,3.565015467,3.86030857,3.912023005,-0.301105093,3.156574799,2.960105096,4.236422661,1
2.090628731,3.55791619,3.713572067,3.401197382,0.039220713,3.210036876,3.218875825,4.354526961,1
2.708050201,2.397895273,3.161246712,2.302585093,-0.385662481,2.791165108,3.342861805,4.343805422,1
-0.430782916,3.825593277,3.539799231,3.401197382,-0.072570693,3.446170747,2.954910279,4.048475129,1
1.623340818,3.953548752,4.382026635,2.995732274,-0.314710745,3.61361697,1.791759469,4.225080384,1
1.987874348,3.500741012,3.17805383,3.688879454,-0.415515444,2.993730271,2.944438979,4.280409105,1
2.890371758,3.401197382,4.632785353,3.401197382,-0.162518929,3.169685581,2.721295428,4.127134385,1
2.197224577,3.044522438,3.280911216,2.995732274,-0.755022584,2.844909384,2.442347035,3.871201011,1
2.564949357,2.995732274,5.172754144,2.302585093,0.21511138,3.370738174,3.784189634,5.293304825,1
2.197224577,2.079441542,3.068052935,2.995732274,-0.371063681,2.965273066,2.879198457,4.343805422,1
2.32630162,2.719319793,3.401197382,3.912023005,0.806475866,3.127199036,3.380994674,4.502805179,1
1.715598108,4.063541653,3.993049844,2.995732274,0.048790164,3.584906864,2.747270914,4.248209487,1
2.302585093,2.944438979,2.917770732,2.302585093,0.604315967,3.131136911,2.93385687,4.48863637,1
1.532556868,3.50013733,3.968592357,3.401197382,-0.248461359,3.364879119,2.63188884,4.082103276,1
2.833213344,3.583518938,3.250374492,3.688879454,0.067658648,3.321432413,2.57261223,4.143134726,1
2.48490665,2.944438979,3.597312261,2.302585093,-0.105360516,3.095577609,2.509599262,3.988984047,1
2.48490665,2.995732274,3.572345638,2.302585093,-0.105360516,3.126760536,2.587764035,3.970291914,1
2.397895273,2.890371758,3.005682604,2.302585093,0.270027137,3.100092289,2.292534757,3.912023005,1
1.945910149,3.610917913,2.714694744,3.688879454,0.565313809,3.039749159,2.714694744,4.143134726,1
2.63905733,2.944438979,3.411147713,6.086774727,-0.235722334,2.939161922,3.214867803,4.584967479,1
2.833213344,2.079441542,3.292126287,7.31986493,-0.415515444,2.660259537,3.36729583,4.442651256,1
1.098612289,2.708050201,2.850706502,2.995732274,-0.693147181,2.753660712,2.753660712,3.688879454,1
1.945910149,1.945910149,2.701361213,4.49980967,-0.653926467,2.341805806,2.965273066,4.17438727,1
2.302585093,2.302585093,3.407841924,6.131226489,1.605429891,3.226843995,3.342861805,5.049856007,1
2.079441542,2.48490665,4.454347296,5.075173815,-0.371063681,2.990719732,3.449987546,4.905274778,1
2.079441542,2.397895273,3.666122467,5.521460918,0.662687973,2.975529566,3.478158423,6.190315406,1
2.197224577,2.197224577,2.884800713,4.941642423,-0.494296322,2.646174797,3.025291076,4.418840608,1
3.218875825,2.302585093,3.73289634,4.700480366,0.113328685,2.397895273,4.102643365,4.997212274,1
1.486139696,3.168003494,3.465423354,2.302585093,-0.127833372,2.514465452,2.63905733,4.919396814,1
3.044522438,2.772588722,3.683866912,3.688879454,0.405465108,2.839078464,3.044522438,3.828641396,1
2.944438979,2.995732274,3.157000421,4.248495242,-0.301105093,3.328626689,2.360854001,5.129898715,1
2.772588722,2.48490665,2.856470206,2.995732274,0.246860078,2.587764035,3.6558396,4.624972813,1
2.890371758,3.258096538,3.979681654,2.995732274,-0.274436846,3.437207819,2.351375257,4.219507705,1
3.465735903,2.397895273,3.597312261,3.401197382,1.888583654,3.517497837,4.638604962,5.908082938,1
1.386294361,2.890371758,2.674148649,2.302585093,1.690095815,3.265759411,2.564949357,4.49980967,1
1.945910149,2.079441542,2.917770732,4.49980967,-0.356674944,2.815408719,2.965273066,4.605170186,1
2.397895273,2.079441542,3.788724789,4.094344562,1.105256831,2.862200881,3.377587516,6.487684018,1
1.945910149,2.079441542,2.451005098,2.995732274,-0.84397007,2.379546134,2.564949357,4.189654742,1
0.693147181,2.63905733,2.714694744,2.302585093,-1.078809661,2.595254707,2.785011242,3.555348061,1
1.791759469,2.397895273,2.995732274,2.302585093,-0.139262067,2.667228207,3.044522438,4.276666119,1
1.386294361,3.091042453,2.821378886,2.302585093,1.499623046,3.342861805,2.501435952,4.48863637,1
2.302585093,2.708050201,2.694627181,2.302585093,0.932164081,2.912350665,2.624668592,4.094344562,1
1.791759469,2.833213344,3.342861805,3.912023005,-0.162518929,3.139832618,3.144152279,4.779123493,1
1.386294361,2.833213344,3.47506723,3.688879454,-0.287682072,3.126760536,2.772588722,4.477336814,1
2.744060639,3.725693427,4.241758314,3.688879454,0.536493371,3.479392229,3.421000009,4.745453731,1
1.633154439,3.873697891,4.135486506,2.302585093,-0.261364764,3.352007137,2.701361213,4.270396506,1
1.00795792,3.398861322,4.171614198,2.302585093,-0.494296322,3.317815773,2.63905733,4.163404098,1
1.286474026,3.149740086,3.436564525,2.995732274,-0.198450939,2.749831735,2.302585093,3.882594195,1
0.815364813,3.492560388,3.855452654,3.401197382,-0.634878272,3.235142797,2.197224577,4.04899846,1
3.401197382,2.48490665,3.502549876,2.995732274,1.335001067,3.339321978,4.850466542,5.948034989,2
2.772588722,2.48490665,2.839078464,2.995732274,0.31481074,2.587764035,3.703768067,4.59511985,1
2.63905733,2.708050201,3.511545439,3.401197382,0.067658648,2.939161922,3.063390922,4.510859507,1
2.079441542,2.995732274,2.949688335,3.401197382,3.328626689,4.157319361,3.025291076,5.023880521,2
1.609437912,2.833213344,2.379546134,2.302585093,0.300104592,2.844909384,2.525728644,4.110873864,1
2.772588722,2.197224577,4.139955073,5.075173815,0.357674444,2.312535424,3.895893623,5.463831805,1
1.945910149,2.772588722,3.561046083,3.688879454,0.548121409,3.490428515,3.39785848,5.075173815,1
1.945910149,2.564949357,3.194583132,5.598421959,-0.342490309,2.917770732,2.944438979,4.543294782,1
2.833213344,2.197224577,2.63905733,3.401197382,-0.385662481,2.674148649,2.721295428,4.369447852,1
2.63905733,2.397895273,3.342861805,8.163371316,0.444685821,2.844909384,3.353406718,5.252273428,1
1.945910149,1.791759469,2.890371758,4.86753445,-0.713349888,2.468099531,2.960105096,4.465908119,1
1.386294361,2.564949357,2.970414466,3.912023005,-0.84397007,2.734367509,2.890371758,4.007333185,1
1.609437912,2.995732274,2.197224577,2.302585093,-0.186329578,2.772588722,2.727852828,3.891820298,1
2.564949357,3.044522438,3.446807893,3.401197382,-0.162518929,3.122364924,2.923161581,4.219507705,1
1.945910149,2.48490665,2.282382386,2.302585093,-0.105360516,2.282382386,2.197224577,3.433987204,1
2.302585093,2.302585093,3.044522438,6.551080335,0.019802627,2.803360381,2.93385687,4.510859507,1
2.48490665,2.302585093,3.246490992,4.787491743,0.173953307,2.809402695,3.068052935,4.727387819,1
1.386294361,2.833213344,2.76000994,2.302585093,-0.616186139,2.90690106,2.687847494,3.912023005,1
1.791759469,2.48490665,2.701361213,3.688879454,-0.400477567,3.222867846,3.36729583,5.950642553,2
2.564949357,3.63758616,3.246490992,2.302585093,1.711994501,3.346389145,3.493472658,4.682131227,1
1.791759469,2.833213344,2.014903021,2.995732274,-0.430782916,2.501435952,2.90690106,4.418840608,1
1.386294361,3.17805383,3.086486637,2.302585093,1.566530411,3.360375387,3.005682604,4.48863637,1
2.48490665,2.708050201,3.261935314,3.912023005,-0.061875404,3.086486637,3.46885603,4.615120517,1
1.791759469,2.197224577,2.856470206,2.302585093,-0.46203546,2.856470206,3.317815773,4.48863637,1
2.564949357,3.295836866,3.169685581,3.688879454,0.850150929,3.165475048,3.117949906,4.574710979,1
2.48490665,2.944438979,3.856510295,2.302585093,0.067658648,3.148453361,2.734367509,4.077537444,1
3.17805383,3.871201011,4.880526609,4.248495242,0.371563556,3.526360525,2.884800713,4.158883083,1
3.465735903,3.688879454,5.188502501,3.401197382,0.2390169,3.46260601,3.299533728,4.574710979,1
2.48490665,2.944438979,3.33220451,2.302585093,-0.174353387,3.072693315,2.815408719,4.17438727,1
2.944438979,3.401197382,3.768152635,3.688879454,-0.15082289,3.33220451,3.258096538,4.454347296,1
2.302585093,3.63758616,3.520460802,3.688879454,0.21511138,3.440418095,2.928523524,4.442651256,1
2.564949357,2.944438979,3.113515309,2.302585093,-0.072570693,3.198673118,2.890371758,4.204692619,1
2.079441542,3.135494216,2.949688335,2.995732274,-0.342490309,2.939161922,2.844909384,4.276666119,1
2.48490665,3.091042453,3.511545439,2.302585093,-0.174353387,3.17805383,2.890371758,4.204692619,1
2.772588722,4.094344562,3.935739532,2.995732274,0.444685821,3.740047741,3.034952987,4.290459441,1
2.833213344,2.772588722,3.091042453,4.094344562,-0.094310679,2.844909384,3.015534901,4.795790546,1
1.609437912,2.833213344,2.923161581,3.401197382,1.355835154,3.086486637,2.674148649,4.276666119,1
1.609437912,3.135494216,2.772588722,3.688879454,2.033397603,3.414442608,2.687847494,4.682131227,1
3.135494216,2.197224577,2.58021683,3.688879454,0.165514438,2.815408719,2.646174797,3.583518938,1
1.386294361,2.772588722,3.0301337,2.995732274,-0.46203546,2.809402695,2.895911938,3.850147602,1
2.63905733,2.63905733,3.269568939,3.912023005,0.672944473,2.917770732,3.165475048,4.770684624,2
2.302585093,3.17805383,2.708050201,3.912023005,-0.162518929,2.797281335,2.681021529,3.80666249,3
2.63905733,2.564949357,3.015534901,4.382026635,-0.400477567,2.975529566,3.157000421,4.795790546,1
3.135494216,2.197224577,2.815408719,4.248495242,-0.301105093,2.87356464,3.514526067,4.804021045,1
2.833213344,2.397895273,2.821378886,4.094344562,-0.597837001,2.850706502,3.73289634,4.644390899,2
1.386294361,2.63905733,2.839078464,2.302585093,-0.776528789,2.772588722,2.766319109,3.761200116,1
0.845868268,3.573749147,3.610377226,4.49980967,-0.301105093,3.449352424,2.714694744,3.580737295,2
3.433987204,2.708050201,4.53044664,3.401197382,-0.223143551,3.034952987,3.529297384,5.402677382,1
2.079441542,2.397895273,3.17805383,5.135798437,2.105352923,3.261935314,3.034952987,4.990432587,1
2.397895273,2.197224577,3.437207819,5.010635294,0.343589704,2.839078464,3.148453361,6.165417854,1
0.693147181,2.944438979,3.058707073,2.302585093,-0.867500568,3.0301337,2.557227311,3.737669618,1
2.890371758,1.945910149,3.490428515,5.135798437,-0.223143551,2.174751721,3.683866912,4.700480366,1
2.302585093,2.772588722,2.753660712,3.688879454,1.105256831,2.90690106,2.602689685,4.17438727,1
2.197224577,4.290459441,3.152736022,6.040254711,0.891998039,4.037774211,3.424262655,4.890349128,1
1.945910149,2.197224577,2.493205453,2.995732274,-0.916290732,2.701361213,2.923161581,4.465908119,1
1.609437912,2.079441542,2.917770732,3.688879454,-0.673344553,2.595254707,2.791165108,3.970291914,1
1.791759469,2.995732274,2.862200881,3.401197382,-0.430782916,2.797281335,2.785011242,3.583518938,1
2.63905733,3.218875825,2.701361213,2.302585093,0.989541194,3.299533728,2.694627181,4.394449155,1
2.302585093,3.17805383,3.295836866,2.302585093,0.039220713,3.058707073,2.701361213,4.025351691,1
2.772588722,2.197224577,2.674148649,3.401197382,-0.693147181,2.58021683,3.091042453,4.605170186,1
2.38416508,3.529297384,3.574029612,4.248495242,-0.105360516,2.946542029,2.995732274,4.241326753,1
2.598235335,3.505257052,3.688879454,4.248495242,0.067658648,3.065724645,2.890371758,4.514150788,1
2.081938422,3.461978854,3.432696049,3.912023005,-0.186329578,2.942858784,1.945910149,4.182050143,1
2.197224577,3.871201011,3.440418095,3.688879454,0.148420005,3.526360525,2.815408719,4.406719247,1
2.890371758,3.496507561,2.517696473,2.995732274,-0.094310679,3.063390922,2.63905733,4.189654742,1
4.835487941,4.682131227,2.772588722,2.302585093,0.536493371,2.079441542,3.224460203,4.65396035,1
4.357221516,4.727387819,3.526360525,4.49980967,1.098612289,3.295836866,4.195847648,4.663439094,1
4.200504758,4.663439094,3.871201011,2.302585093,1.808288771,3.401197382,5.035002651,6.070737728,1
4.138361448,3.218875825,3.17805383,4.700480366,-0.301105093,2.48490665,3.986573737,4.543294782,1
4.043752776,3.258096538,4.077537444,4.382026635,0.609765572,3.583518938,5.064618301,6.555356892,1
4.713396591,3.828641396,3.091042453,3.912023005,0.732367894,2.48490665,3.233961462,4.812184355,1
4.010781777,3.951243719,3.33220451,4.86753445,0.737164066,2.772588722,3.186765771,4.17438727,1
4.806231714,3.850147602,3.044522438,3.688879454,0.444685821,2.397895273,3.449352424,4.290459441,1
4.183575696,3.713572067,2.48490665,2.302585093,0.173953307,1.609437912,3.147594623,3.931825633,1
4.511189123,3.912023005,3.737669618,3.401197382,0.536493371,2.995732274,4.46337618,5.438079309,1
3.87660306,4.369447852,3.258096538,3.912023005,0.21511138,2.833213344,3.704260556,4.143134726,1
3.829944894,4.094344562,4.553876892,2.302585093,1.508511994,4.025351691,3.736001561,4.912654886,1
4.101816577,4.189654742,2.397895273,3.912023005,0.806475866,1.791759469,3.443298558,4.025351691,2
4.266615783,4.204692619,4.644390899,2.995732274,1.439835128,4.025351691,3.746912485,4.976733742,1
3.92316075,4.9698133,4.430816799,5.438079309,2.214846179,4.204692619,3.362109993,5.497168225,4
3.878052486,4.718498871,3.36729583,4.248495242,0.985816795,2.890371758,3.148024084,4.442651256,1
4.108247467,4.317488114,4.382026635,3.912023005,2.05796251,4.007333185,3.139832618,5.424950017,1
3.828641396,2.302585093,2.57261223,5.598421959,0.223143551,2.282382386,2.701361213,4.718498871,1
4.644390899,2.63905733,2.424802726,4.700480366,0.482426149,3.058707073,3.64805746,5.579729826,1
4.276666119,2.397895273,2.917770732,5.347107531,0,2.442347035,3.058707073,5.036952602,1
4.430816799,2.63905733,3.295836866,4.605170186,-0.020202707,2.856470206,3.414442608,5.379897354,3
3.828641396,4.406719247,3.933784497,3.912023005,0.737164066,2.912350665,3.770459441,5.347107531,1
4.394449155,3.135494216,3.284663565,5.298317367,0.542324291,3.529297384,5.365976015,6.889591308,1
4.574710979,3.401197382,3.624340933,5.010635294,0.165514438,2.949688335,4.693181063,6.084499413,1
3.931825633,2.397895273,2.809402695,4.700480366,-0.094310679,2.714694744,2.815408719,4.043051268,1
4.762173935,2.772588722,4.705015521,3.912023005,3.335769576,3.0301337,3.895893623,5.262690189,1
4.204692619,3.218875825,3.910021003,4.86753445,0.924258902,3.624340933,3.841600541,5.062595033,1
3.828641396,2.772588722,3.693866996,6.01615716,0.173953307,3.250374492,3.161246712,4.9698133,1
4.304065093,4.718498871,3.349904087,9.137769679,1.068153081,3.977810746,3.288401888,5.451038454,1
4.844187086,5.438079309,3.443618098,10.08996712,0.760805829,4.895598484,3.144152279,5.247024072,1
4.276666119,4.204692619,4.33073334,4.248495242,0.698134722,3.39785848,3.321432413,5.056245805,1
4.127134385,2.564949357,2.797281335,4.605170186,0.2390169,2.778819272,4.364371699,5.123963979,1
4.820281566,3.258096538,3.456316681,5.634789603,0.182321557,2.867898902,3.788724789,6.419994928,1
4.465908119,3.218875825,3.342861805,4.248495242,-0.020202707,2.772588722,4.40060302,5.669880923,1
4.290459441,2.079441542,2.653241965,4.094344562,0.615185639,1.458615023,3.122364924,4.49980967,1
4.584967479,2.564949357,2.564949357,6.507277712,0.09531018,2.379546134,3.883623531,5.267858159,1
3.828641396,5.062595033,3.126760536,4.248495242,1.280933845,4.455509411,2.93385687,4.262679877,1
4.262679877,4.510859507,3.990834186,4.094344562,-0.186329578,3.668676747,3.169685581,4.770684624,1
4.127134385,3.583518938,4.380775853,3.912023005,0.570979547,3.575150689,4.80073697,6.171700597,1
4.127134385,3.044522438,3.862832761,4.382026635,1.894616855,3.374168709,3.490428515,4.828313737,1
4.007333185,2.995732274,3.777348102,4.605170186,1.619388243,3.404525172,3.391147046,4.836281907,1
3.828641396,4.369447852,4.786658062,4.094344562,-0.478035801,4.109233175,2.509599262,4.532599493,1
4.859812404,2.397895273,2.827313622,4.605170186,0.009950331,2.63188884,4.817859279,5.631211782,1
4.248495242,3.36729583,3.242592351,5.075173815,0.553885113,3.5085559,5.098035484,6.721425701,1
4.49980967,2.890371758,3.502549876,5.799092654,-0.430782916,2.451005098,2.388762789,4.025351691,1
4.234106505,2.833213344,4.213607983,4.094344562,2.086913557,3.523415014,3.269568939,5.164785974,1
3.988984047,3.135494216,3.779633817,4.248495242,0.75612198,3.411147713,3.288401888,4.804021045,1
4.17438727,2.944438979,4.291828367,4.094344562,0.636576829,3.78191432,2.850706502,4.290459441,1
4.852030264,4.343805422,4.427238977,6.214608098,1.467874348,3.520460802,4.018183201,5.455321115,1
4.634728988,3.258096538,3.152736022,2.995732274,1.609437912,3.394508394,3.852273001,4.828313737,1
4.532599493,4.33073334,6.886429492,4.382026635,0.845868268,4.185098925,3.157000421,4.553876892,1
5.324423614,4.727387819,3.044522438,2.302585093,1.553925203,2.995732274,3.300271463,4.382026635,1
5.008633291,4.9698133,2.995732274,2.302585093,1.593308531,3.218875825,3.586846729,4.727387819,1
4.932024894,4.094344562,3.401197382,3.912023005,0.463734016,2.302585093,4.026422546,4.584967479,1
5.51777413,4.060443011,3.931825633,2.995732274,0.067658648,3.17805383,4.241038941,4.584967479,2
5.417432847,3.737669618,3.761200116,4.248495242,-0.544727175,2.564949357,4.517758729,4.33073334,1
5.917279649,3.761200116,2.48490665,2.302585093,0.336472237,1.609437912,3.686877451,4.465908119,1
5.533784668,3.951243719,3.828641396,5.075173815,0.891998039,3.091042453,4.629570073,5.170483995,2
5.075173815,2.833213344,2.740840024,4.941642423,0.148420005,2.602689685,3.5085559,5.525452939,1
5.293304825,3.33220451,3.063390922,6.040254711,0.565313809,3.034952987,3.610917913,5.669880923,2
5.837730447,2.833213344,3.113515309,5.393627546,1.01523068,2.360854001,3.424262655,5.472270674,1
5.123963979,2.564949357,2.370243741,8.352318548,-0.139262067,2.541601993,3.288401888,4.634728988,1
5.929589143,4.941642423,4.496470769,11.21317081,0.993251773,4.429625613,4.051784948,5.993961427,1
5.442417711,3.583518938,4.387014176,7.620705087,1.205970807,3.443618098,3.540959324,5.579729826,1
6.082447195,3.951243719,4.465908119,3.912023005,0.039220713,3.401197382,3.938664936,4.753590191,1
6.835184586,2.564949357,3.55820113,5.828945618,0.173953307,2.186051277,4.258445573,5.683579767,1
7.321849714,3.496507561,4.30676415,4.605170186,0.392042088,2.867898902,4.561218298,6.877296071,1
7.22620901,2.48490665,3.258096538,7.047517221,0.322083499,2.174751721,4.743191484,5.793013608,1
7.545918151,3.091042453,3.985273467,5.669880923,0.751416089,2.701361213,4.582924577,6.675823222,1
6.045005314,3.912023005,4.578826211,3.912023005,1.642872689,4.146304301,3.716008122,5.33753808,1
6.716594774,2.63905733,4.091005661,5.480638923,0.19062036,2.509599262,6.909753282,6.787844982,1
7.088408779,3.258096538,4.039536326,5.560681631,0.300104592,2.821378886,4.261270434,6.224558429,1
